"VendorNo","AddrNo","DeliveryTerms","ShipViaCode","RouteId","Contact","IntrastatExempt","DelTermsLocation","SupplierCalendarId"
"10385","10","SER","70","t12","","Include","Wallingford",""
"10341","10","SER","70","t12","","Include","Wallingford",""
"10130","10","SER","70","t12","","Include","Wallingford",""
"10112","10","SER","70","t12","","Include","Wallingford",""
"11744","10","DAP","70","t12","","Include","Wallingford",""
"10012","1","SER","50","t12","","Include","Wallingford",""
"10104","10","SER","70","t12","","Include","Wallingford",""
"55594","10","DAP","70","t12","","Include","Wallingford",""
"33073","10","SER","70","t12","","Include","",""
"55680","10","SER","70","t12","","Include","Wallingford",""
"55287","10","SER","70","t12","","Include","Wallingford",""
"11976","10","DAP","70","t12","","Include","Wallingford",""
"10014","1","SER","50","t12","","Include","Wallingford",""
"55347","10","DAP","70","t12","","Include","Wallingford",""
"10083","10","SER","70","t12","","Include","Wallingford",""
"44926","10","DAP","70","t12","","Include","Wallingford",""
"55681","10","SER","70","t12","","Include","Wallingford",""
"10037","1","SER","70","t12","","Include","Wallingford",""
"10022","1","SER","70","t12","","Include","Wallingford",""
"10076","10","SER","70","t12","","Include","Wallingford",""
"55063","10","SER","70","t12","","Include","Wallingford",""
"10034","1","DAP","70","t12","","Include","Wallingford",""
"10015","1","SER","50","t12","","Include","Wallingford",""
"44835","10","SER","70","t12","","Include","Wallingford",""
"55084","10","SER","70","t12","","Include","Wallingford",""
"10144","10","SER","70","t12","","Include","Wallingford",""
"55385","10","DAP","70","t12","","Include","Wallingford",""
"55054","10","SER","70","t12","","Include","Wallingford",""
"10384","10","SER","70","t12","","Include","Wallingford",""
"55028","1","SER","70","t12","","Include","Wallingford",""
"10405","10","SER","70","t12","","Include","Wallingford",""
"55414","10","SER","70","t12","","Include","Wallingford",""
"44329","10","SER","70","t12","","Include","",""
"44954","10","DAP","70","t12","","Include","Wallingford",""
"10346","10","DAP","70","t12","","Include","",""
"44404","10","DAP","70","t12","","Include","Wallingford",""
"10375","10","SER","70","t12","","Include","Wallingford",""
"10366","10","SER","70","t12","","Include","Wallingford",""
"10402","10","SER","70","t12","","Include","Wallingford",""
"10393","10","SER","70","t12","","Include","Wallingford",""
"55396","10","DAP","70","t12","Karen Firth","Include","Wallingford",""
"44910","10","DAP","70","t12","","Include","Wallingford",""
"10069","10","SER","70","t12","","Include","Wallingford",""
"10048","10","SER","70","t12","","Include","Wallingford",""
"t10000","1","SER","70","t12","","Include","Wallingford",""
"10380","10","SER","70","t12","","Include","Wallingford",""
"10146","10","SER","70","t12","","Include","Wallingford",""
"60000","10","SER","70","t12","","Include","Wallingford",""
"44939","10","SER","70","t12","Kevin Whyte - 07720 295501","Include","Wallingford",""
"55296","10","SER","70","t12","","Include","Wallingford",""
"10358","10","SER","70","t12","","Include","Wallingford",""
"44852","10","DAP","70","t12","","Include","Wallingford",""
"10345","10","SER","70","t12","","Include","Wallingford",""
"55294","10","SER","70","t12","","Include","Wallingford",""
"10029","1","DAP","70","t12","","Include","Wallingford",""
"10024","1","DAP","70","t12","","Include","Wallingford",""
"10070","10","SER","70","t12","","Include","Wallingford",""
"10141","10","SER","70","t12","","Include","Wallingford",""
"10362","10","SER","70","t12","","Include","Wallingford",""
"10397","10","SER","70","t12","","Include","Wallingford",""
"10396","10","SER","70","t12","","Include","Wallingford",""
"10338","10","SER","70","t12","","Include","Wallingford",""
"55564","10","DAP","70","t12","","Include","Wallingford",""
"10381","10","SER","70","t12","","Include","Wallingford",""
"10014","2","SER","50","t12","","Include","Wallingford",""
"10399","10","SER","70","t12","","Include","Wallingford",""
"44879","10","SER","70","t12","","Include","Wallingford",""
"44315","10","DAP","70","t12","","Include","Wallingford",""
"55696","10","SER","70","t12","","Include","Wallingford",""
"10040","1","DAP","70","t12","","Include","Wallingford",""
"10066","10","SER","70","t12","","Include","Wallingford",""
"11920","10","DAP","70","t12","","Include","Wallingford",""
"55699","10","SER","70","t12","","Include","Wallingford",""
"55240","10","DAP","70","t12","","Include","Wallingford",""
"10360","10","SER","70","t12","","Include","Wallingford",""
"55344","10","DAP","70","t12","","Include","Wallingford",""
"55678","10","SER","70","t12","","Include","Wallingford",""
"10410","10","SER","70","t12","","Include","Wallingford",""
"10027","1","DAP","70","t12","","Include","Wallingford",""
"55462","10","SER","70","t12","","Include","Wallingford",""
"10369","10","SER","70","t12","","Include","Wallingford",""
"10395","10","SER","70","t12","","Include","Wallingford",""
"10348","10","SER","70","t12","","Include","Wallingford",""
"55556","10","EXW","70","t12","","Include","Wallingford",""
"10388","10","SER","70","t12","","Include","Wallingford",""
"55608","10","SER","70","t12","","Include","Wallingford",""
"45009","10","SER","70","t12","","Include","Wallingford",""
"11301","10","SER","70","t12","","Include","",""
"10046","10","SER","70","t12","","Include","Wallingford",""
"10392","10","SER","70","t12","","Include","Wallingford",""
"10110","10","SER","70","t12","","Include","Wallingford",""
"10149","10","SER","70","t12","","Include","Wallingford",""
"22994","10","SER","70","t12","","Include","Wallingford",""
"10114","10","DEL","70","t12","","Include","Wallingford",""
"55416","10","SER","70","t12","","Include","Wallingford",""
"55265","10","SER","70","t12","","Include","Wallingford",""
"10361","10","SER","70","t12","","Include","Wallingford",""
"11846","10","SER","70","t12","","Include","Wallingford",""
"55164","10","DAP","70","t12","","Include","Wallingford",""
"10370","10","SER","70","t12","","Include","Wallingford",""
"55239","10","SER","70","t12","","Include","Wallingford",""
"10387","10","SER","70","t12","","Include","Wallingford",""
"55618","10","DAP","70","t12","","Include","Wallingford",""
"10122","10","SER","70","t12","","Include","Wallingford",""
"10344","10","SER","70","t12","","Include","Wallingford",""
"9","9","DAP","120","t12","","Include","",""
"10129","10","SER","70","t12","","Include","Wallingford",""
"10142","10","SER","70","t12","","Include","Wallingford",""
"10350","10","SER","70","t12","","Include","Wallingford",""
"12","9","DAP","70","t12","","Include","",""
"10403","10","SER","70","t12","","Include","Wallingford",""
"44857","10","DAP","70","t12","","Include","Wallingford",""
"10042","10","SER","70","t12","","Include","Wallingford",""
"44627","10","SER","70","t12","","Include","",""
"44927","10","SER","70","t12","","Include","Wallingford",""
"55381","10","SER","70","t12","","Include","Wallingford",""
"55379","10","DAP","70","t12","","Include","Wallingford",""
"55700","10","DAP","70","t12","","Include","Wallingford",""
"22081","10","DAP","70","t12","","Include","Wallingford",""
"10224","1","DAP","70","t12","","Include","Wallingford",""
"44150","10","SER","70","t12","","Include","Wallingford",""
"11720","10","SER","70","t12","","Include","",""
"10084","10","SER","70","t12","","Include","Wallingford",""
"10409","10","SER","70","t12","","Include","Wallingford",""
"10383","10","SER","70","t12","","Include","Wallingford",""
"10086","10","DAP","70","t12","","Include","Wallingford",""
"10365","10","SER","70","t12","","Include","Wallingford",""
"10085","10","DAP","70","t12","","Include","Wallingford",""
"44832","10","DAP","70","t12","","Include","Wallingford",""
"22198","10","SER","70","t12","","Include","Wallingford",""
"55146","10","DAP","70","t12","","Include","Wallingford",""
"11594","10","SER","70","t12","","Include","Wallingford",""
"10404","10","SER","70","t12","","Include","Wallingford",""
"55686","10","DAP","70","t12","","Include","Wallingford",""
"55117","10","SER","70","t12","","Include","Wallingford",""
"10355","10","SER","70","t12","","Include","Wallingford",""
"13","9","DAP","70","t12","","Include","",""
"55659","10","SER","70","t12","","Include","Wallingford",""
"11","9","DAP","70","t12","","Include","",""
"10143","10","DAP","70","t12","","Include","Wallingford",""
"10354","10","SER","70","t12","","Include","Wallingford",""
"55021","10","SER","70","t12","","Include","Wallingford",""
"10068","10","DAP","70","t12","Jan - Accounts - 01235 402961","Include","Wallingford",""
"10400","10","SER","70","t12","","Include","Wallingford",""
"10342","10","SER","70","t12","","Include","Wallingford",""
"10411","10","SER","70","t12","","Include","Wallingford",""
"10049","10","DAP","70","t12","","Include","Wallingford",""
"10033","1","SER","70","t12","","Include","Wallingford",""
"10406","10","SER","70","t12","","Include","Wallingford",""
"10071","10","SER","70","t12","","Include","Wallingford",""
"10379","10","SER","70","t12","","Include","Wallingford",""
"10357","10","SER","70","t12","","Include","Wallingford",""
"44824","10","DAP","70","t12","was Office Team who are in","Include","Wallingford",""
"10413","10","SER","70","t12","","Include","Wallingford",""
"10368","10","SER","70","t12","","Include","Wallingford",""
"10033","2","SER","70","t12","","Include","Wallingford",""
"44825","10","SER","70","t12","","Include","Wallingford",""
"10127","10","SER","70","t12","","Include","Wallingford",""
"10408","10","SER","70","t12","","Include","Wallingford",""
"44157","10","DAP","70","t12","","Include","Wallingford",""
"55695","10","SER","70","t12","","Include","Wallingford",""
"10407","10","SER","70","t12","","Include","Wallingford",""
"10339","10","SER","70","t12","","Include","Wallingford",""
"10373","10","SER","70","t12","","Include","Wallingford",""
"11074","10","DAP","70","t12","","Include","Wallingford",""
"55684","10","DAP","70","t12","","Include","Wallingford",""
"10132","10","SER","70","t12","","Include","Wallingford",""
"55366","10","SER","70","t12","","Include","Wallingford",""
"10398","10","SER","70","t12","","Include","Wallingford",""
"55028","2","SER","70","t12","","Include","Wallingford",""
"10111","10","SER","70","t12","","Include","Wallingford",""
"55646","10","SER","70","t12","","Include","Wallingford",""
"55431","10","DAP","70","t12","","Include","Wallingford",""
"10073","10","SER","70","t12","","Include","Wallingford",""
"10364","1","SER","70","t12","","Include","",""
"55666","10","SER","70","t12","","Include","Wallingford",""
"44063","10","SER","70","t12","","Include","Wallingford",""
"10343","10","SER","70","t12","","Include","Wallingford",""
"55201","10","DAP","70","t12","Karin","Include","Wallingford",""
"55263","10","SER","70","t12","","Include","Wallingford",""
"10391","10","SER","70","t12","","Include","Wallingford",""
"10004","10","SER","70","t12","","Include","Wallingford",""
"10028","10","DAP","70","t12","Jan - Accounts - 01235 402961","Include","Wallingford",""
"10030","10","CFR","70","t12","","Include","UK Port",""
"10038","10","SER","70","t12","","Include","Wallingford",""
"10043","10","SER","70","t12","","Include","Wallingford",""
"10044","10","DAP","70","t12","","Include","Wallingford",""
"10045","10","SER","70","t12","","Include","Wallingford",""
"10047","10","SER","70","t12","14.05.20 In administration","Include","Wallingford",""
"10050","10","SER","70","t12","","Include","Wallingford",""
"10051","10","DAP","70","t12","","Include","Wallingford",""
"10052","10","SER","70","t12","","Include","Wallingford",""
"10053","10","CFR","70","t12","","Include","UK PORT",""
"10054","10","SER","70","t12","","Include","Wallingford",""
"10055","10","DAP","70","t12","","Include","Wallingford",""
"10056","10","SER","70","t12","","Include","Wallingford",""
"10057","10","DAP","70","t12","","Include","Wallingford",""
"10058","10","SER","70","t12","","Include","Wallingford",""
"10059","10","SER","70","t12","","Include","Wallingford",""
"10060","10","SER","70","t12","","Include","Wallingford",""
"10061","10","SER","70","t12","","Include","Wallingford",""
"10062","10","DAP","70","t12","","Include","Wallingford",""
"10063","10","SER","70","t12","","Include","Wallingford",""
"10064","10","SER","70","t12","","Include","Wallingford",""
"10065","10","DAP","70","t12","","Include","Wallingford",""
"10067","10","SER","70","t12","","Include","Wallingford",""
"10072","10","DAP","70","t12","","Include","Wallingford",""
"10074","10","SER","70","t12","","Include","Wallingford",""
"10075","10","SER","70","t12","","Include","Wallingford",""
"10078","10","DAP","70","t12","","Include","Wallingford",""
"10080","10","SER","70","t12","","Include","Wallingford",""
"10081","10","DAP","70","t12","","Include","Wallingford",""
"10082","10","SER","70","t12","","Include","Wallingford",""
"10087","10","SER","70","t12","","Include","Wallingford",""
"10088","10","SER","70","t12","","Include","Wallingford",""
"10089","10","SER","70","t12","","Include","Wallingford",""
"10090","10","SER","70","t12","","Include","Wallingford",""
"10091","10","SER","70","t12","","Include","Wallingford",""
"10092","10","DAP","70","t12","","Include","Wallingford",""
"10093","10","SER","70","t12","","Include","Wallingford",""
"10094","10","SER","70","t12","","Include","Wallingford",""
"10095","10","DAP","70","t12","","Include","Wallingford",""
"10097","10","DAP","70","t12","Jan - Accounts - 01235 402961","Include","Wallingford",""
"10098","10","SER","70","t12","","Include","Wallingford",""
"10099","10","SER","70","t12","","Include","Wallingford",""
"10100","10","SER","70","t12","","Include","Wallingford",""
"10101","10","DAP","70","t12","","Include","Wallingford",""
"10102","10","SER","70","t12","","Include","Wallingford",""
"10103","10","DAP","70","t12","","Include","Wallingford",""
"10105","10","SER","70","t12","","Include","Wallingford",""
"10107","10","DAP","70","t12","","Include","Wallingford",""
"10108","10","SER","70","t12","","Include","Wallingford",""
"10109","10","SER","70","t12","","Include","Wallingford",""
"10113","10","SER","70","t12","","Include","Wallingford",""
"10116","10","SER","70","t12","","Include","Wallingford",""
"10117","10","SER","70","t12","","Include","Wallingford",""
"10118","10","SER","70","t12","","Include","Wallingford",""
"10119","10","SER","70","t12","","Include","Wallingford",""
"10120","10","SER","70","t12","","Include","Wallingford",""
"10121","10","SER","70","t12","","Include","Wallingford",""
"10123","10","SER","70","t12","","Include","Wallingford",""
"10125","10","SER","70","t12","","Include","Wallingford",""
"10126","10","SER","70","t12","","Include","Wallingford",""
"10128","10","DAP","70","t12","","Include","Wallingford",""
"10131","10","SER","70","t12","","Include","Wallingford",""
"10133","10","SER","70","t12","","Include","Wallingford",""
"10134","10","SER","70","t12","","Include","Wallingford",""
"10135","10","SER","70","t12","","Include","Wallingford",""
"10136","10","SER","70","t12","","Include","Wallingford",""
"10137","10","SER","70","t12","","Include","Wallingford",""
"10138","10","DAP","70","t12","","Include","Wallingford",""
"10139","10","DAP","70","t12","","Include","Wallingford",""
"10140","10","DAP","70","t12","","Include","Wallingford",""
"10145","10","SER","70","t12","","Include","Wallingford",""
"10148","10","SER","70","t12","","Include","Wallingford",""
"10150","10","DAP","70","t12","","Include","Wallingford",""
"10151","10","SER","70","t12","","Include","Wallingford",""
"10152","10","SER","70","t12","","Include","Wallingford",""
"10153","10","SER","70","t12","","Include","Wallingford",""
"10155","10","SER","70","t12","","Include","Wallingford",""
"10156","10","SER","70","t12","","Include","Wallingford",""
"10157","10","DAP","70","t12","","Include","Wallingford",""
"10158","10","SER","70","t12","","Include","Wallingford",""
"10159","10","SER","70","t12","","Include","Wallingford",""
"10160","10","SER","70","t12","","Include","Wallingford",""
"10162","10","SER","70","t12","","Include","Wallingford",""
"10163","10","SER","70","t12","","Include","Wallingford",""
"10165","10","SER","70","t12","","Include","Wallingford",""
"10166","10","SER","70","t12","","Include","Wallingford",""
"10167","10","SER","70","t12","","Include","Wallingford",""
"10168","10","SER","70","t12","","Include","Wallingford",""
"10169","10","SER","70","t12","","Include","Wallingford",""
"10170","10","SER","70","t12","","Include","Wallingford",""
"10171","10","SER","70","t12","","Include","Wallingford",""
"10172","10","SER","70","t12","","Include","Wallingford",""
"10173","10","SER","70","t12","","Include","Wallingford",""
"10174","10","SER","70","t12","","Include","Wallingford",""
"10175","10","SER","70","t12","","Include","Wallingford",""
"10176","10","SER","70","t12","","Include","Wallingford",""
"10177","10","SER","70","t12","","Include","Wallingford",""
"10178","10","SER","70","t12","","Include","Wallingford",""
"10179","10","SER","70","t12","","Include","Wallingford",""
"10180","10","DDP","70","t12","","Include","Wallingford",""
"10181","10","SER","70","t12","","Include","Wallingford",""
"10182","10","SER","70","t12","","Include","Wallingford",""
"10183","10","SER","70","t12","","Include","Wallingford",""
"10184","10","SER","70","t12","","Include","Wallingford",""
"10185","10","SER","70","t12","","Include","Wallingford",""
"10186","10","SER","70","t12","","Include","Wallingford",""
"10187","10","SER","70","t12","","Include","Wallingford",""
"10188","10","SER","70","t12","","Include","Wallingford",""
"10189","10","SER","70","t12","","Include","Wallingford",""
"10190","10","DDP","70","t12","","Include","Wallingford",""
"10191","10","SER","70","t12","","Include","Wallingford",""
"10192","10","SER","70","t12","","Include","Wallingford",""
"10193","10","SER","70","t12","","Include","Wallingford",""
"10194","10","SER","70","t12","","Include","Wallingford",""
"10195","10","SER","70","t12","","Include","Wallingford",""
"10196","10","SER","70","t12","","Include","Wallingford",""
"10197","10","SER","70","t12","","Include","Wallingford",""
"10198","10","SER","70","t12","","Include","Wallingford",""
"10199","10","SER","70","t12","","Include","Wallingford",""
"10200","10","SER","70","t12","","Include","Wallingford",""
"10201","10","SER","70","t12","","Include","Wallingford",""
"10202","10","SER","70","t12","","Include","Wallingford",""
"10203","10","SER","70","t12","","Include","Wallingford",""
"10204","10","SER","70","t12","","Include","Wallingford",""
"10205","10","SER","70","t12","","Include","Wallingford",""
"10206","10","SER","70","t12","","Include","Wallingford",""
"10207","10","SER","70","t12","","Include","Wallingford",""
"10208","10","SER","70","t12","","Include","Wallingford",""
"10209","10","DEL","70","t12","","Include","Wallingford",""
"10210","10","SER","70","t12","","Include","Wallingford",""
"10211","10","DDP","70","t12","","Include","Wallingford",""
"10212","10","SER","70","t12","","Include","Wallingford",""
"10213","10","SER","70","t12","","Include","Wallingford",""
"10214","10","SER","70","t12","","Include","Wallingford",""
"10215","10","SER","70","t12","","Include","Wallingford",""
"10216","10","SER","70","t12","","Include","Wallingford",""
"10217","10","SER","70","t12","","Include","Wallingford",""
"10218","10","SER","70","t12","","Include","Wallingford",""
"10219","10","SER","70","t12","","Include","Wallingford",""
"10220","10","SER","70","t12","","Include","Wallingford",""
"10221","10","SER","70","t12","","Include","Wallingford",""
"10222","10","SER","70","t12","","Include","Wallingford",""
"10223","10","SER","70","t12","","Include","Wallingford",""
"10225","10","DAP","70","t12","","Include","Wallingford",""
"10226","10","DAP","70","t12","","Include","Wallingford",""
"10227","10","SER","70","t12","","Include","Wallingford",""
"10228","10","SER","70","t12","","Include","Wallingford",""
"10229","10","SER","70","t12","","Include","Wallingford",""
"10230","10","SER","70","t12","","Include","Wallingford",""
"10231","10","SER","70","t12","","Include","Wallingford",""
"10232","10","SER","70","t12","","Include","Wallingford",""
"10233","10","SER","70","t12","","Include","Wallingford",""
"10234","10","SER","70","t12","","Include","Wallingford",""
"10235","10","SER","70","t12","","Include","Wallingford",""
"10236","10","SER","70","t12","","Include","Wallingford",""
"10237","10","SER","70","t12","","Include","Wallingford",""
"10238","10","SER","70","t12","","Include","Wallingford",""
"10239","10","SER","70","t12","","Include","Wallingford",""
"10240","10","SER","70","t12","","Include","Wallingford",""
"10241","10","SER","70","t12","","Include","Wallingford",""
"10242","10","SER","70","t12","","Include","Wallingford",""
"10243","10","SER","70","t12","","Include","Wallingford",""
"10244","10","SER","70","t12","","Include","Wallingford",""
"10245","10","SER","70","t12","","Include","Wallingford",""
"10246","10","SER","70","t12","","Include","Wallingford",""
"10247","10","SER","70","t12","","Include","Wallingford",""
"10248","10","SER","70","t12","","Include","Wallingford",""
"10249","10","SER","70","t12","","Include","Wallingford",""
"10250","10","CIF","70","t12","","Include","UK Port",""
"10251","10","SER","70","t12","","Include","Wallingford",""
"10252","10","SER","70","t12","","Include","Wallingford",""
"10253","10","SER","70","t12","","Include","Wallingford",""
"10254","10","SER","70","t12","","Include","Wallingford",""
"10255","10","SER","70","t12","","Include","Wallingford",""
"10256","10","SER","70","t12","","Include","Wallingford",""
"10257","10","SER","70","t12","","Include","Wallingford",""
"10258","10","SER","70","t12","","Include","Wallingford",""
"10259","10","SER","70","t12","","Include","Wallingford",""
"10260","10","SER","70","t12","","Include","Wallingford",""
"10261","10","SER","70","t12","","Include","Wallingford",""
"10262","10","SER","70","t12","","Include","Wallingford",""
"10263","10","SER","70","t12","","Include","Wallingford",""
"10264","10","SER","70","t12","","Include","Wallingford",""
"10265","10","SER","70","t12","","Include","Wallingford",""
"10266","10","SER","70","t12","","Include","Wallingford",""
"10267","10","SER","70","t12","","Include","Wallingford",""
"10268","10","SER","70","t12","","Include","Wallingford",""
"10269","10","SER","70","t12","","Include","Wallingford",""
"10270","10","SER","70","t12","","Include","Wallingford",""
"10271","10","SER","70","t12","","Include","Wallingford",""
"10272","10","SER","70","t12","","Include","Wallingford",""
"10273","10","SER","70","t12","","Include","Wallingford",""
"10274","10","SER","70","t12","","Include","Wallingford",""
"10275","10","SER","70","t12","","Include","Wallingford",""
"10276","10","DAP","70","t12","","Include","Wallingford",""
"10277","10","SER","70","t12","","Include","Wallingford",""
"10278","10","SER","70","t12","","Include","Wallingford",""
"10279","10","CIF","70","t12","","Include","UK Port",""
"10280","10","CFR","70","t12","","Include","UK PORT",""
"10281","10","SER","70","t12","","Include","Wallingford",""
"10282","10","SER","70","t12","","Include","Wallingford",""
"10283","10","SER","70","t12","","Include","Wallingford",""
"10284","10","SER","70","t12","","Include","Wallingford",""
"10285","10","SER","70","t12","","Include","Wallingford",""
"10286","10","SER","70","t12","","Include","Wallingford",""
"10287","10","SER","70","t12","","Include","Wallingford",""
"10288","10","SER","70","t12","","Include","Wallingford",""
"10289","10","SER","70","t12","","Include","Wallingford",""
"10290","10","SER","70","t12","","Include","Wallingford",""
"10291","10","SER","70","t12","","Include","Wallingford",""
"10292","10","SER","70","t12","","Include","Wallingford",""
"10293","10","SER","70","t12","","Include","Wallingford",""
"10294","10","DAP","70","t12","","Include","Wallingford",""
"10295","10","SER","70","t12","","Include","Wallingford",""
"10296","10","DAP","70","t12","","Include","Wallingford",""
"10297","10","SER","70","t12","","Include","Wallingford",""
"10298","10","SER","70","t12","","Include","Wallingford",""
"10299","10","SER","70","t12","","Include","Wallingford",""
"10300","10","CIF","70","t12","","Include","UK Port",""
"10301","10","SER","70","t12","","Include","Wallingford",""
"10302","10","SER","70","t12","","Include","Wallingford",""
"10303","10","SER","70","t12","","Include","Wallingford",""
"10305","10","SER","70","t12","","Include","Wallingford",""
"10306","10","SER","70","t12","","Include","Wallingford",""
"10307","10","SER","70","t12","","Include","Wallingford",""
"10308","10","SER","70","t12","","Include","Wallingford",""
"10309","10","SER","70","t12","","Include","Wallingford",""
"10310","10","SER","70","t12","","Include","Wallingford",""
"10311","10","SER","70","t12","","Include","Wallingford",""
"10312","10","SER","70","t12","","Include","Wallingford",""
"10313","10","SER","70","t12","","Include","Wallingford",""
"10314","10","SER","70","t12","","Include","Wallingford",""
"10315","10","SER","70","t12","","Include","Wallingford",""
"10316","10","SER","70","t12","","Include","Wallingford",""
"10317","10","SER","70","t12","","Include","Wallingford",""
"10318","10","SER","70","t12","","Include","Wallingford",""
"10319","10","SER","70","t12","","Include","Wallingford",""
"10320","10","SER","70","t12","","Include","Wallingford",""
"10321","10","SER","70","t12","","Include","Wallingford",""
"10322","10","SER","70","t12","","Include","Wallingford",""
"10323","10","SER","70","t12","","Include","Wallingford",""
"10324","10","SER","70","t12","","Include","Wallingford",""
"10325","10","SER","70","t12","","Include","Wallingford",""
"10326","10","SER","70","t12","","Include","Wallingford",""
"10327","10","SER","70","t12","","Include","Wallingford",""
"10328","10","SER","70","t12","","Include","Wallingford",""
"10329","10","SER","70","t12","","Include","Wallingford",""
"10330","10","DAP","70","t12","","Include","Wallingford",""
"10331","10","SER","70","t12","","Include","Wallingford",""
"10332","10","SER","70","t12","","Include","Wallingford",""
"10333","10","SER","70","t12","","Include","Wallingford",""
"10334","10","SER","70","t12","","Include","Wallingford",""
"10335","10","SER","70","t12","","Include","Wallingford",""
"10336","10","SER","70","t12","","Include","Wallingford",""
"10337","10","SER","70","t12","","Include","Wallingford",""
"10430","10","DDP","70","t12","","Include","Wallingford",""
"11001","10","SER","70","t12","","Include","Wallingford",""
"11002","10","SER","70","t12","","Include","Wallingford",""
"11003","10","SER","70","t12","","Include","Wallingford",""
"11006","10","DAP","70","t12","","Include","Wallingford",""
"11007","10","DAP","70","t12","","Include","Wallingford",""
"11009","10","SER","70","t12","","Include","Wallingford",""
"11010","10","SER","70","t12","Lesley - 07983 449615","Include","Wallingford",""
"11019","10","DAP","70","t12","","Include","Wallingford",""
"11027","10","SER","70","t12","","Include","Wallingford",""
"11030","10","SER","70","t12","","Include","Wallingford",""
"11033","10","DAP","70","t12","","Include","Wallingford",""
"11034","10","DAP","70","t12","","Include","Great Bear",""
"11042","10","SER","70","t12","","Include","Wallingford",""
"11049","10","DAP","70","t12","","Include","Wallingford",""
"11050","10","SER","70","t12","Lisa Mills","Include","Wallingford",""
"11051","10","SER","70","t12","","Include","Wallingford",""
"11062","10","CFR","70","t12","","Include","UK PORT",""
"11063","10","SER","70","t12","","Include","Wallingford",""
"11065","10","DAP","70","t12","","Include","Wallingford",""
"11066","10","DAP","70","t12","","Include","Wallingford",""
"11070","10","DAP","70","t12","","Include","Wallingford",""
"11071","10","DAP","70","t12","","Include","Wallingford",""
"11072","10","SER","70","t12","","Include","Wallingford",""
"11073","10","SER","70","t12","","Include","Wallingford",""
"11075","10","DAP","70","t12","","Include","Wallingford",""
"11099","10","SER","70","t12","","Include","Wallingford",""
"11100","10","SER","70","t12","","Include","Wallingford",""
"11102","10","DAP","70","t12","","Include","Wallingford",""
"11119","10","SER","70","t12","","Include","Wallingford",""
"11122","10","CFR","70","t12","","Include","UK PORT",""
"11123","10","DAP","70","t12","","Include","Wallingford",""
"11124","10","DAP","70","t12","","Include","Wallingford",""
"11127","10","DAP","70","t12","","Include","Wallingford",""
"11136","10","DAP","70","t12","","Include","Wallingford",""
"11142","10","DAP","70","t12","","Include","Wallingford",""
"11143","10","DAP","70","t12","","Include","Wallingford",""
"11144","10","DAP","70","t12","","Include","Wallingford",""
"11145","10","SER","70","t12","","Include","Wallingford",""
"11147","10","SER","70","t12","","Include","Wallingford",""
"11150","10","DAP","70","t12","Angel Springs t/as","Include","Wallingford",""
"11151","10","DAP","70","t12","","Include","Wallingford",""
"11153","10","SER","70","t12","","Include","Wallingford",""
"11154","10","SER","70","t12","","Include","Wallingford",""
"11158","10","SER","70","t12","","Include","Wallingford",""
"11160","10","DAP","70","t12","","Include","Wallingford",""
"11177","10","SER","70","t12","","Include","Wallingford",""
"11196","10","SER","70","t12","","Include","Wallingford",""
"11197","10","SER","70","t12","","Include","Wallingford",""
"11198","10","CFR","70","t12","","Include","UK PORT",""
"11201","10","DAP","70","t12","","Include","Wallingford",""
"11211","10","DAP","70","t12","","Include","Wallingford",""
"11225","10","SER","70","t12","","Include","Wallingford",""
"11226","10","SER","70","t12","","Include","Wallingford",""
"11260","10","SER","70","t12","","Include","Wallingford",""
"11261","10","SER","70","t12","","Include","Wallingford",""
"11262","10","DAP","70","t12","","Include","Wallingford",""
"11265","10","DAP","70","t12","","Include","Wallingford",""
"11271","10","DAP","70","t12","","Include","Wallingford",""
"11302","10","SER","70","t12","","Include","Wallingford",""
"11303","10","SER","70","t12","","Include","Wallingford",""
"11304","10","DAP","70","t12","","Include","Wallingford",""
"11307","10","DAP","70","t12","","Include","Wallingford",""
"11309","10","DAP","70","t12","","Include","Wallingford",""
"11310","10","SER","70","t12","","Include","Wallingford",""
"11311","10","SER","70","t12","","Include","Wallingford",""
"11313","10","DAP","70","t12","","Include","Wallingford",""
"11315","10","SER","70","t12","","Include","Wallingford",""
"11316","10","DAP","70","t12","","Include","Wallingford",""
"11318","10","SER","70","t12","","Include","Wallingford",""
"11322","10","DAP","70","t12","Lee Davies UK Credit Control","Include","Wallingford",""
"11323","10","DAP","70","t12","Lee Davies UK Credit Control","Include","Wallingford",""
"11338","10","SER","70","t12","","Include","Wallingford",""
"11340","10","DAP","70","t12","","Include","Wallingford",""
"11342","10","DAP","70","t12","","Include","Wallingford",""
"11344","10","SER","70","t12","","Include","Wallingford",""
"11345","10","SER","70","t12","Pam Harris","Include","Wallingford",""
"11346","10","SER","70","t12","J A Heard","Include","Wallingford",""
"11347","10","DAP","70","t12","","Include","Wallingford",""
"11348","10","SER","70","t12","","Include","Wallingford",""
"11349","10","DAP","70","t12","","Include","Wallingford",""
"11351","10","DAP","70","t12","Charlotte Fuller","Include","Wallingford",""
"11355","10","SER","70","t12","","Include","Wallingford",""
"11358","10","DAP","70","t12","","Include","Wallingford",""
"11361","10","DAP","70","t12","","Include","Wallingford",""
"11362","10","SER","70","t12","Beattie McGuinness Bungay","Include","Wallingford",""
"11365","10","DAP","70","t12","","Include","Wolverhampton",""
"11366","10","SER","70","t12","","Include","Wallingford",""
"11368","10","SER","70","t12","","Include","Wallingford",""
"11377","10","SER","70","t12","","Include","Wallingford",""
"11389","10","SER","70","t12","","Include","Wallingford",""
"11391","10","SER","70","t12","","Include","Wallingford",""
"11392","10","DAP","70","t12","","Include","Wallingford",""
"11396","10","SER","70","t12","","Include","Wallingford",""
"11397","10","DAP","70","t12","","Include","Wallingford",""
"11398","10","SER","70","t12","","Include","Wallingford",""
"11405","10","SER","70","t12","","Include","Wallingford",""
"11406","10","CFR","70","t12","","Include","UK PORT",""
"11407","10","DAP","70","t12","","Include","Wallingford",""
"11408","10","SER","70","t12","","Include","Wallingford",""
"11409","10","SER","70","t12","","Include","Wallingford",""
"11410","10","DAP","70","t12","","Include","Wallingford",""
"11411","10","SER","70","t12","","Include","Wallingford",""
"11449","10","CFR","70","t12","","Include","UK PORT",""
"11454","10","DEL","70","t12","","Include","Wallingford",""
"11455","10","SER","70","t12","","Include","Wallingford",""
"11466","10","SER","70","t12","","Include","Wallingford",""
"11467","10","SER","70","t12","","Include","Wallingford",""
"11488","10","SER","70","t12","","Include","Wallingford",""
"11489","10","SER","70","t12","","Include","Wallingford",""
"11490","10","SER","70","t12","","Include","Wallingford",""
"11494","10","DAP","70","t12","","Include","Wallingford",""
"11500","10","SER","70","t12","","Include","Wallingford",""
"11508","10","SER","70","t12","","Include","Wallingford",""
"11510","10","SER","70","t12","","Include","Wallingford",""
"11516","10","SER","70","t12","","Include","Wallingford",""
"11517","10","DAP","70","t12","","Include","",""
"11518","10","DAP","70","t12","","Include","Wallingford",""
"11526","10","SER","70","t12","","Include","Wallingford",""
"11528","10","SER","70","t12","","Include","Wallingford",""
"11529","10","DAP","70","2","","Include","Wallingford",""
"11532","10","SER","70","t12","","Include","Wallingford",""
"11535","10","SER","70","t12","","Include","Wallingford",""
"11540","10","SER","70","t12","","Include","Wallingford",""
"11541","10","SER","70","t12","","Include","Wallingford",""
"11542","10","DAP","70","t12","","Include","Wallingford",""
"11544","10","DAP","70","t12","","Include","Wallingford",""
"11549","10","DAP","70","t12","","Include","Wallingford",""
"11553","10","SER","70","t12","","Include","Wallingford",""
"11573","10","SER","70","t12","","Include","Wallingford",""
"11577","10","DAP","70","t12","","Include","Wallingford",""
"11578","10","DAP","70","t12","","Include","Wallingford",""
"11581","10","SER","70","t12","","Include","Wallingford",""
"11583","10","DAP","70","t12","","Include","Wallingford",""
"11586","10","DAP","70","t12","","Include","Wallingford",""
"11587","10","SER","70","t12","","Include","Wallingford",""
"11596","10","SER","70","t12","Dave Crosthwaite","Include","Wallingford",""
"11602","10","SER","70","t12","","Include","Wallingford",""
"11607","10","DAP","70","t12","","Include","Wallingford",""
"11612","10","SER","70","t12","Chris Winfield","Include","Wallingford",""
"11614","10","SER","70","t12","","Include","Wallingford",""
"11615","10","SER","70","t12","","Include","Wallingford",""
"11618","10","DAP","70","t12","","Include","Wallingford",""
"11623","10","DAP","70","t12","","Include","Wallingford",""
"11626","10","SER","70","t12","","Include","Wallingford",""
"11629","10","SER","70","t12","","Include","Wallingford",""
"11630","10","DAP","70","t12","","Include","Wallingford",""
"11632","10","SER","70","t12","","Include","Wallingford",""
"11633","10","SER","70","t12","","Include","Wallingford",""
"11634","10","SER","70","t12","","Include","Wallingford",""
"11635","10","SER","70","t12","","Include","Wallingford",""
"11636","10","SER","70","t12","","Include","Wallingford",""
"11637","10","SER","70","t12","","Include","Wallingford",""
"11639","10","SER","70","t12","","Include","Wallingford",""
"11641","10","SER","70","t12","","Include","Wallingford",""
"11643","10","DAP","70","t12","","Include","Wallingford",""
"11652","10","DAP","70","t12","","Include","Wallingford",""
"11654","10","SER","70","t12","","Include","Wallingford",""
"11655","10","SER","70","t12","","Include","Wallingford",""
"11656","10","SER","70","t12","","Include","Wallingford",""
"11660","10","SER","70","t12","","Include","Wallingford",""
"11664","10","SER","70","t12","","Include","Wallingford",""
"11676","10","DAP","70","t12","","Include","Wallingford",""
"11680","10","DAP","70","t12","Abingdon Branch","Include","Wallingford",""
"11683","10","DAP","70","t12","","Include","Wallingford",""
"11688","10","DAP","70","t12","","Include","Wallingford",""
"11693","10","DAP","70","t12","","Include","Wallingford",""
"11694","10","DAP","70","t12","","Include","Wallingford",""
"11696","10","DAP","70","t12","","Include","Wallingford",""
"11697","10","SER","70","t12","Tom Green","Include","Wallingford",""
"11699","10","SER","70","t12","","Include","Wallingford",""
"11700","10","SER","70","t12","","Include","Wallingford",""
"11701","10","DAP","70","t12","","Include","Wallingford",""
"11702","10","DAP","70","t12","","Include","Wallingford",""
"11703","10","SER","70","t12","","Include","Wallingford",""
"11704","10","SER","70","t12","Based in Steventon","Include","Wallingford",""
"11705","10","SER","70","t12","","Include","Wallingford",""
"11725","10","DAP","70","t12","Jan - Accounts - 01235 402961","Include","Wallingford",""
"11729","10","DAP","70","t12","","Include","Wallingford",""
"11731","10","DAP","70","t12","","Include","Wallingford",""
"11736","10","SER","70","t12","","Include","Wallingford",""
"11737","10","DAP","70","t12","","Include","Wallingford",""
"11746","10","SER","70","t12","","Include","Wallingford",""
"11755","10","SER","70","t12","","Include","Wallingford",""
"11756","10","SER","70","t12","","Include","Wallingford",""
"11778","10","SER","70","t12","","Include","Wallingford",""
"11798","10","SER","70","t12","","Include","Wallingford",""
"11805","10","SER","70","t12","","Include","Wallingford",""
"11806","10","SER","70","t12","","Include","Wallingford",""
"11812","10","DAP","70","t12","","Include","Wallingford",""
"11816","10","DAP","70","t12","","Include","Wallingford",""
"11826","10","SER","70","t12","","Include","Wallingford",""
"11827","10","SER","70","t12","","Include","Wallingford",""
"11828","10","DAP","70","t12","","Include","Wallingford",""
"11829","10","DAP","70","t12","","Include","Wallingford",""
"11831","10","DAP","70","t12","","Include","Wallingford",""
"11836","10","DAP","70","t12","","Include","Wallingford",""
"11838","10","DAP","70","t12","","Include","Wallingford",""
"11839","10","SER","70","t12","","Include","Wallingford",""
"11842","10","SER","70","t12","","Include","Wallingford",""
"11849","10","SER","70","t12","","Include","Wallingford",""
"11851","10","DAP","70","t12","","Include","Wallingford",""
"11854","10","SER","70","t12","","Include","Wallingford",""
"11865","10","DAP","70","t12","","Include","Wallingford",""
"11876","10","DAP","70","t12","","Include","Wallingford",""
"11878","10","SER","70","t12","","Include","Wallingford",""
"11879","10","SER","70","t12","","Include","Wallingford",""
"11900","10","SER","70","t12","","Include","Wallingford",""
"11901","10","DAP","70","t12","","Include","Wolverhampton",""
"11903","10","SER","70","t12","","Include","Wallingford",""
"11904","10","SER","70","t12","","Include","Wallingford",""
"11907","10","SER","70","t12","","Include","Wallingford",""
"11913","10","SER","70","t12","","Include","Wallingford",""
"11914","10","DAP","70","t12","","Include","Wallingford",""
"11919","10","SER","70","t12","","Include","Wallingford",""
"11930","10","DAP","70","t12","","Include","Wallingford",""
"11941","10","DAP","70","t12","","Include","Wallingford",""
"11945","10","DAP","70","t12","","Include","Wallingford",""
"11964","10","SER","70","t12","","Include","Wallingford",""
"11977","10","DAP","70","t12","","Include","Wallingford",""
"11978","10","SER","70","t12","","Include","Wallingford",""
"11980","10","SER","70","t12","","Include","Wallingford",""
"11982","10","SER","70","t12","","Include","Wallingford",""
"11985","10","SER","70","t12","","Include","Wallingford",""
"11986","10","SER","70","t12","","Include","Wallingford",""
"11991","10","DAP","70","t12","","Include","Wallingford",""
"11992","10","DAP","70","t12","","Include","Wallingford",""
"11994","10","SER","70","t12","","Include","Wallingford",""
"12000","10","DAP","70","t12","","Include","Wallingford",""
"12001","10","SER","70","t12","","Include","Wallingford",""
"12002","10","SER","70","t12","","Include","Wallingford",""
"20005","10","SER","70","t12","","Include","Wallingford",""
"20006","10","SER","70","t12","","Include","Wallingford",""
"20008","10","SER","70","t12","","Include","Wallingford",""
"20010","10","SER","70","t12","","Include","Wallingford",""
"20012","10","SER","70","t12","","Include","Wallingford",""
"20014","10","SER","70","t12","Kirstie Wain - 01283 560 022","Include","Wallingford",""
"20018","10","SER","70","t12","","Include","Wallingford",""
"20019","10","SER","70","t12","","Include","Wallingford",""
"20021","10","SER","70","t12","","Include","Wallingford",""
"20024","10","SER","70","t12","","Include","Wallingford",""
"20025","10","SER","70","t12","","Include","Wallingford",""
"20032","10","SER","70","t12","","Include","Wallingford",""
"20033","10","SER","70","t12","","Include","Wallingford",""
"20036","10","SER","70","t12","","Include","Wallingford",""
"20050","10","SER","70","t12","","Include","Wallingford",""
"20057","10","SER","70","t12","A/R Sachin - 02084 263 672","Include","Wallingford",""
"20080","10","SER","70","t12","","Include","Wallingford",""
"20091","10","SER","70","t12","","Include","Wallingford",""
"20112","10","DAP","70","t12","","Include","Wallingford",""
"20120","10","SER","70","t12","","Include","Wallingford",""
"20160","10","SER","70","t12","","Include","Wallingford",""
"20170","10","SER","70","t12","","Include","Wallingford",""
"20200","10","SER","70","t12","","Include","Wallingford",""
"20230","10","SER","70","t12","","Include","Wallingford",""
"22015","10","SER","70","t12","","Include","Wallingford",""
"22022","10","SER","70","t12","","Include","Wallingford",""
"22025","10","DAP","70","t12","","Include","Wallingford",""
"22027","10","DAP","70","t12","","Include","Wallingford",""
"22029","10","DAP","70","t12","","Include","Wallingford",""
"22033","10","SER","70","t12","","Include","Wallingford",""
"22035","10","SER","70","t12","","Include","Wallingford",""
"22044","10","SER","70","t12","","Include","Wallingford",""
"22046","10","DAP","70","t12","","Include","Wallingford",""
"22047","10","DAP","70","t12","","Include","Wallingford",""
"22050","10","SER","70","t12","","Include","Wallingford",""
"22059","10","SER","70","t12","","Include","Wallingford",""
"22062","10","DAP","70","t12","","Include","Wallingford",""
"22063","10","DAP","70","t12","Darren Burns","Include","Wallingford",""
"22064","10","DAP","70","t12","","Include","Wallingford",""
"22071","10","DAP","70","t12","","Include","Wallingford",""
"22072","10","DAP","70","t12","","Include","Wallingford",""
"22074","10","SER","70","t12","","Include","Wallingford",""
"22075","10","DAP","70","t12","","Include","Wallingford",""
"22076","10","SER","70","t12","","Include","Wallingford",""
"22077","10","SER","70","t12","","Include","Wallingford",""
"22078","10","SER","70","t12","","Include","Wallingford",""
"22079","10","SER","70","t12","","Include","Wallingford",""
"22080","10","SER","70","t12","","Include","Wallingford",""
"22086","10","SER","70","t12","","Include","Wallingford",""
"22090","10","DAP","70","t12","","Include","Wallingford",""
"22094","10","SER","70","t12","","Include","Wallingford",""
"22097","10","SER","70","t12","","Include","Wallingford",""
"22098","10","DAP","70","t12","","Include","Wallingford",""
"22099","10","DAP","70","t12","","Include","Wallingford",""
"22101","10","SER","70","t12","","Include","Wallingford",""
"22102","10","SER","70","t12","","Include","Wallingford",""
"22192","10","SER","70","t12","","Include","Wallingford",""
"22193","10","DAP","70","t12","","Include","Wallingford",""
"22195","10","SER","70","t12","","Include","Wallingford",""
"22196","10","DAP","70","t12","","Include","Wallingford",""
"22197","10","SER","70","t12","","Include","Wallingford",""
"22902","10","SER","70","t12","","Include","Wallingford",""
"22903","10","DAP","70","t12","","Include","Wallingford",""
"22904","10","SER","70","t12","","Include","Wallingford",""
"22905","10","DAP","70","t12","","Include","Wallingford",""
"22908","10","SER","70","t12","","Include","Wallingford",""
"23001","10","SER","70","t12","","Include","Wallingford",""
"23002","10","SER","70","t12","Mackey Lawlor","Include","Wallingford",""
"33001","10","SER","70","t12","","Include","Wallingford",""
"33002","10","SER","70","t12","","Include","Wallingford",""
"33003","10","SER","70","t12","","Include","Wallingford",""
"33004","10","CFR","70","t12","","Include","UK PORT",""
"33005","10","SER","70","t12","","Include","Wallingford",""
"33008","10","SER","70","t12","Ben Jones","Include","Wallingford",""
"33013","10","SER","70","t12","Elaine Maughan","Include","Wallingford",""
"33015","10","DAP","70","t12","","Include","Wallingford",""
"33022","10","DAP","70","t12","","Include","Wallingford",""
"33024","10","DAP","70","t12","","Include","Wallingford",""
"33025","10","DAP","70","t12","","Include","Wallingford",""
"33034","10","SER","70","t12","","Include","Wallingford",""
"33047","10","DAP","70","t12","","Include","Wallingford",""
"33056","10","SER","70","t12","","Include","Wallingford",""
"33059","10","SER","70","t12","","Include","Wallingford",""
"33060","10","DAP","70","t12","","Include","Wallingford",""
"33071","10","DAP","70","t12","","Include","Wallingford",""
"33074","10","SER","70","t12"," - 01775 715762","Include","Wallingford",""
"33080","10","SER","70","t12","","Include","Wallingford",""
"33081","10","DAP","70","t12","","Include","Wallingford",""
"33082","10","SER","70","t12","","Include","Wallingford",""
"33088","10","SER","70","t12","","Include","Wallingford",""
"33089","10","DAP","70","t12","Miriam - 01753 969077","Include","Wallingford",""
"33091","10","SER","70","t12","","Include","Wallingford",""
"33093","10","DAP","70","t12","","Include","Wallingford",""
"33094","10","DAP","70","t12","","Include","Wallingford",""
"33096","10","SER","70","t12","","Include","Wallingford",""
"33097","10","SER","70","t12","","Include","Wallingford",""
"33991","10","SER","70","t12","","Include","Wallingford",""
"33996","10","DAP","70","t12","","Include","Wallingford",""
"33999","10","SER","70","t12","","Include","Wallingford",""
"44004","10","SER","70","t12","","Include","Wallingford",""
"44008","10","DAP","70","t12","","Include","Wallingford",""
"44010","10","SER","70","t12","Mike Mob - 07930 408478","Include","Wallingford",""
"44013","10","DAP","70","t12","","Include","Wallingford",""
"44017","10","DAP","70","t12","","Include","Wallingford",""
"44018","10","SER","70","t12","","Include","Wallingford",""
"44019","10","SER","70","t12","","Include","Wallingford",""
"44024","10","SER","70","t12","","Include","Wallingford",""
"44026","10","DAP","70","t12","","Include","Wallingford",""
"44035","10","SER","70","t12","","Include","Wallingford",""
"44036","10","SER","70","t12","Sophie - 01235 811100","Include","Wallingford",""
"44037","10","SER","70","t12","Laura Green","Include","Wallingford",""
"44040","10","SER","70","t12","","Include","Wallingford",""
"44042","10","DAP","70","t12","","Include","Wallingford",""
"44043","10","DAP","70","t12","","Include","Wallingford",""
"44044","10","SER","70","t12","","Include","Wallingford",""
"44047","10","CPT","70","t12","","Include","Felixstowe/Southampton/London Gateway",""
"44052","10","SER","70","t12","","Include","Wallingford",""
"44053","10","SER","70","t12","","Include","Wallingford",""
"44061","10","DDP","70","t12","","Include","Wallingford",""
"44062","10","DAP","70","t12","","Include","Wallingford",""
"44066","10","SER","70","t12","","Include","Wallingford",""
"44068","10","SER","70","t12","","Include","Wallingford",""
"44080","10","DAP","70","t12","","Include","Wallingford",""
"44090","10","DAP","70","t12","","Include","Wallingford",""
"44099","10","DAP","70","t12","","Include","Wallingford",""
"44100","10","SER","70","t12","Gerald - 07789 507363","Include","Wallingford",""
"44102","10","SER","70","t12","","Include","Wallingford",""
"44103","10","SER","70","t12","","Include","Wallingford",""
"44104","10","DAP","70","t12","","Include","Wallingford",""
"44106","10","DAP","70","t12","Peter Heath","Include","Wallingford",""
"44107","10","SER","70","t12","","Include","Wallingford",""
"44109","10","DAP","70","t12","Gerald Mcfrane","Include","Wallingford",""
"44110","10","SER","70","t12","","Include","Wallingford",""
"44117","10","SER","70","t12","","Include","Wallingford",""
"44118","10","SER","70","t12","","Include","Wallingford",""
"44119","10","SER","70","t12","","Include","Wallingford",""
"44120","10","DAP","70","t12","","Include","Wallingford",""
"44122","10","DAP","70","t12","","Include","Wallingford",""
"44133","10","DAP","70","t12","","Include","Wallingford",""
"44134","10","SER","70","t12","","Include","Wallingford",""
"44141","10","SER","70","t12","","Include","Wallingford",""
"44147","10","DAP","70","t12","","Include","Wallingford",""
"44148","10","SER","70","t12","","Include","Wallingford",""
"44152","10","SER","70","t12","","Include","Wallingford",""
"44153","10","DAP","70","t12","","Include","Wallingford",""
"44154","10","DAP","70","t12","","Include","Wallingford",""
"44158","10","SER","70","t12","","Include","Wallingford",""
"44170","10","DAP","70","t12","","Include","Wallingford",""
"44174","10","SER","70","t12","","Include","Wallingford",""
"44176","10","SER","70","t12","","Include","Wallingford",""
"44180","10","DAP","70","t12","","Include","Wallingford",""
"44181","10","SER","70","t12","","Include","Wallingford",""
"44193","10","DAP","70","t12","","Include","Wallingford",""
"44195","10","DAP","70","t12","","Include","Wallingford",""
"44198","10","SER","70","t12","","Include","Wallingford",""
"44203","10","SER","70","t12","","Include","Wallingford",""
"44205","10","DAP","70","t12","","Include","Wallingford",""
"44215","10","DAP","70","t12","","Include","Wallingford",""
"44216","10","DAP","70","t12","","Include","Wallingford",""
"44221","10","DAP","70","t12","","Include","Wallingford",""
"44223","10","SER","70","t12","","Include","Wallingford",""
"44234","10","DAP","70","t12","","Include","Wallingford",""
"44238","10","SER","70","t12","","Include","Wallingford",""
"44239","10","DAP","70","t12","","Include","Wallingford",""
"44245","10","SER","70","t12","","Include","Wallingford",""
"44251","10","DAP","70","t12","","Include","Wallingford",""
"44256","10","SER","70","t12","","Include","",""
"44260","10","DAP","70","t12","","Include","Wallingford",""
"44267","10","SER","70","t12","","Include","Wallingford",""
"44269","10","DAP","70","t12","","Include","Wallingford",""
"44272","10","SER","70","t12","Ian Hall / Andrew Hall","Include","Wallingford",""
"44273","10","SER","70","t12","","Include","Wallingford",""
"44274","10","SER","70","t12","","Include","Wallingford",""
"44278","10","SER","70","t12","","Include","Wallingford",""
"44283","10","DAP","70","t12","","Include","Wallingford",""
"44285","10","SER","70","t12","","Include","Wallingford",""
"44287","10","DAP","70","t12","","Include","Wallingford",""
"44289","10","SER","70","t12","","Include","Wallingford",""
"44290","10","DAP","70","t12","","Include","Wallingford",""
"44292","10","SER","70","t12","","Include","Wallingford",""
"44295","10","SER","70","t12","","Include","Wallingford",""
"44298","10","DAP","70","t12","","Include","Wallingford",""
"44302","10","SER","70","t12","","Include","Wallingford",""
"44305","10","SER","70","t12","","Include","Wallingford",""
"44306","10","DAP","70","t12","","Include","Wallingford",""
"44307","10","DAP","70","t12","","Include","Wallingford",""
"44309","10","DAP","70","t12","","Include","Wallingford",""
"44310","10","SER","70","t12","","Include","Wallingford",""
"44311","10","SER","70","t12","","Include","Wolverhampton",""
"44312","10","SER","70","t12","","Include","Wallingford",""
"44313","10","SER","70","t12","","Include","Wallingford",""
"44314","10","SER","70","t12","","Include","Wallingford",""
"44316","10","SER","70","t12","","Include","Wallingford",""
"44317","10","SER","70","t12","","Include","Wallingford",""
"44327","10","DAP","70","t12","","Include","Wallingford",""
"44328","10","DAP","70","t12","","Include","Wallingford",""
"44331","10","SER","70","t12","","Include","Wallingford",""
"44334","10","SER","70","t12","","Include","Wallingford",""
"44348","10","DAP","70","t12","","Include","Wallingford",""
"44357","10","SER","70","t12","","Include","Wallingford",""
"44360","10","DAP","70","t12","","Include","Wallingford",""
"44369","10","DAP","70","t12","","Include","Wallingford",""
"44371","10","SER","70","t12","","Include","Wallingford",""
"44376","10","DAP","70","t12","","Include","Wallingford",""
"44381","10","DAP","70","t12","","Include","Wallingford",""
"44387","10","DAP","70","t12","","Include","Wallingford",""
"44388","10","DAP","70","t12","","Include","Wallingford",""
"44392","10","DAP","70","t12","","Include","Wallingford",""
"44393","10","SER","70","t12","","Include","Wallingford",""
"44396","10","SER","70","t12","","Include","Wallingford",""
"44397","10","SER","70","t12","","Include","Wallingford",""
"44398","10","SER","70","t12","","Include","Wallingford",""
"44403","10","SER","70","t12","","Include","Wallingford",""
"44408","10","DAP","70","t12","","Include","Wallingford",""
"44413","10","DAP","70","t12","Rachel Mcquire","Include","Wallingford",""
"44415","10","SER","70","t12","","Include","Wallingford",""
"44416","10","DAP","70","t12","","Include","Wallingford",""
"44451","10","SER","70","t12","","Include","Wallingford",""
"44464","10","SER","70","t12","","Include","Wallingford",""
"44469","10","DAP","70","t12","","Include","Wallingford",""
"44475","10","DAP","70","t12","","Include","Wallingford",""
"44479","10","SER","70","t12","","Include","Wallingford",""
"44487","10","DAP","70","t12","","Include","Wallingford",""
"44488","10","DAP","70","t12","","Include","Wallingford",""
"44491","10","SER","70","t12","","Include","Wallingford",""
"44497","10","SER","70","t12","","Include","Wallingford",""
"44512","10","SER","70","t12","Bernie Callaghan","Include","Wallingford",""
"44521","10","DAP","70","t12","","Include","Wallingford",""
"44524","10","SER","70","t12","","Include","Wallingford",""
"44525","10","SER","70","t12","","Include","Wallingford",""
"44526","10","SER","70","t12","","Include","Wallingford",""
"44527","10","SER","70","t12","","Include","Wallingford",""
"44528","10","DAP","70","t12","","Include","Wallingford",""
"44529","10","SER","70","t12","","Include","Wallingford",""
"44559","10","DAP","70","t12","","Include","Wallingford",""
"44560","10","SER","70","t12","","Include","Wallingford",""
"44561","10","SER","70","t12","","Include","Wallingford",""
"44562","10","SER","70","t12","","Include","Wallingford",""
"44563","10","DAP","70","t12","","Include","Wallingford",""
"44564","10","DAP","70","t12","","Include","Wallingford",""
"44565","10","SER","70","t12","","Include","Wallingford",""
"44566","10","SER","70","t12","","Include","Wallingford",""
"44567","10","SER","70","t12","","Include","Wallingford",""
"44568","10","SER","70","t12","","Include","Wallingford",""
"44569","10","SER","70","t12","","Include","Wallingford",""
"44571","10","SER","70","t12","","Include","Wallingford",""
"44573","10","SER","70","t12","","Include","Wallingford",""
"44574","10","SER","70","t12","Jack Leigh","Include","Wallingford",""
"44585","10","DAP","70","t12","Robin Ratcliffe - 07887 512190","Include","Wallingford",""
"44588","10","DDP","70","t12","","Include","Wallingford",""
"44597","10","SER","70","t12","","Include","Wallingford",""
"44601","10","DAP","70","t12","Janette","Include","Wallingford",""
"44605","10","SER","70","t12","","Include","Wallingford",""
"44608","10","SER","70","t12","","Include","Wallingford",""
"44611","10","DAP","70","t12","","Include","Wallingford",""
"44613","10","SER","70","t12","","Include","Wallingford",""
"44620","10","DAP","70","t12","","Include","Wallingford",""
"44623","10","SER","70","t12","","Include","Wallingford",""
"44628","10","DDP","70","t12","","Include","Wallingford",""
"44630","10","DAP","70","t12","","Include","Wallingford","WEEKDAYS"
"44632","10","SER","70","t12","","Include","Wallingford",""
"44633","10","SER","70","t12","","Include","Wallingford",""
"44637","10","DAP","70","t12","","Include","Wallingford",""
"44640","10","SER","70","t12","","Include","Wallingford",""
"44642","10","SER","70","t12","","Include","Wallingford",""
"44643","10","DAP","70","t12","","Include","Wallingford",""
"44648","10","DAP","70","t12","","Include","Wallingford",""
"44661","10","SER","70","t12","Edward-Accounts - 01753 849319","Include","Wallingford",""
"44662","10","SER","70","t12","","Include","Wallingford",""
"44664","10","SER","70","t12","","Include","Wallingford",""
"44674","10","SER","70","t12","","Include","Wallingford",""
"44675","10","DAP","70","t12","","Include","Wallingford",""
"44678","10","DAP","70","t12","","Include","Wallingford",""
"44679","10","DAP","70","t12","","Include","Wallingford",""
"44688","10","DAP","70","t12","","Include","Wallingford",""
"44690","10","DAP","70","t12","","Include","Wallingford",""
"44695","10","SER","70","t12","","Include","Wallingford",""
"44698","10","DAP","70","t12","","Include","Wallingford",""
"44704","10","SER","70","t12","","Include","Wallingford",""
"44705","10","DAP","70","t12","","Include","Wallingford",""
"44706","10","SER","70","t12","","Include","Wallingford",""
"44707","10","SER","70","t12","","Include","Wallingford",""
"44708","10","SER","70","t12","","Include","Wallingford",""
"44709","10","SER","70","t12","","Include","Wallingford",""
"44712","10","SER","70","t12","","Include","Wallingford",""
"44730","10","DAP","70","t12","","Include","Wallingford",""
"44732","10","SER","70","t12","","Include","Wallingford",""
"44743","10","SER","70","t12","","Include","Wallingford",""
"44746","10","SER","70","t12","","Include","Wallingford",""
"44749","10","SER","70","t12","","Include","Wallingford",""
"44752","10","SER","70","t12","","Include","Wallingford",""
"44754","10","DAP","70","t12","","Include","Wallingford",""
"44763","10","SER","70","t12","","Include","Wallingford",""
"44776","10","SER","70","t12","","Include","Wallingford",""
"44781","10","SER","70","t12","","Include","Wallingford",""
"44784","10","CFR","70","t12","","Include","UK PORT",""
"44786","10","SER","70","t12","","Include","Wallingford",""
"44796","10","DAP","70","t12","","Include","Wallingford",""
"44797","10","DAP","70","t12","","Include","Wallingford",""
"44804","10","DAP","70","t12","","Include","Wallingford",""
"44808","10","SER","70","t12","","Include","Wallingford",""
"44810","10","SER","70","t12","","Include","Wallingford",""
"44813","10","SER","70","t12","14.05.20 In administration","Include","Wallingford",""
"44816","10","SER","70","t12","","Include","Wallingford",""
"44819","10","SER","70","t12","","Include","Wallingford",""
"44820","10","DAP","70","t12","","Include","Wallingford",""
"44822","10","SER","70","t12","","Include","Wallingford",""
"44833","10","DAP","70","t12","","Include","Wallingford",""
"44834","10","SER","70","t12","","Include","Wallingford",""
"44836","10","SER","70","t12","","Include","Wallingford",""
"44837","10","DAP","70","t12","","Include","Wallingford",""
"44846","10","SER","70","t12","","Include","Wallingford",""
"44860","10","DAP","70","t12","","Include","Wallingford",""
"44868","10","SER","70","t12","Tracey Midwinter","Include","Wallingford",""
"44871","10","DAP","70","t12","","Include","Wallingford",""
"44872","10","SER","70","t12","Frances","Include","Wallingford",""
"44873","10","DAP","70","t12","","Include","Wallingford",""
"44874","10","SER","70","t12","","Include","Wallingford",""
"44876","10","DAP","70","t12","","Include","Wallingford",""
"44882","10","DAP","70","t12","","Include","Wallingford",""
"44885","10","DAP","70","t12","","Include","Wallingford",""
"44888","10","DAP","70","t12","","Include","Wallingford",""
"44917","10","DAP","70","t12","","Include","Wallingford",""
"44925","10","DAP","70","t12","","Include","Wallingford",""
"44929","10","SER","70","t12","","Include","Wallingford",""
"44943","10","DAP","70","t12","","Include","Wallingford",""
"44947","10","SER","70","t12","","Include","Wallingford",""
"44957","10","DAP","70","t12","","Include","Wallingford",""
"44969","10","SER","70","t12","","Include","Wallingford",""
"44974","10","SER","70","t12","","Include","Wallingford",""
"44976","10","DAP","70","t12","","Include","Wallingford",""
"44984","10","DAP","70","t12","","Include","Wallingford",""
"44988","10","SER","70","t12","","Include","Wallingford",""
"44990","10","DAP","70","t12","","Include","Wallingford",""
"44991","10","DAP","70","t12","","Include","Wallingford",""
"44992","10","SER","70","t12","","Include","Wallingford",""
"44993","10","SER","70","t12","","Include","Wallingford",""
"44996","10","DAP","70","t12","","Include","Wallingford",""
"44998","10","SER","70","t12","","Include","Wallingford",""
"45000","10","DAP","70","t12","","Include","Wallingford",""
"45002","10","SER","70","t12","","Include","Wallingford",""
"45003","10","SER","70","t12","","Include","Wallingford",""
"45004","10","SER","70","t12","","Include","Wallingford",""
"45005","10","DAP","70","t12","","Include","Wallingford",""
"45006","10","CFR","70","t12","","Include","UK PORT",""
"45007","10","SER","70","t12","","Include","Wallingford",""
"45010","10","DAP","70","t12","","Include","Wallingford",""
"45011","10","SER","70","t12","","Include","Wallingford",""
"45012","10","SER","70","t12","","Include","Wallingford",""
"45013","10","SER","70","t12","","Include","Wallingford",""
"54998","10","SER","70","t12","","Include","Wallingford",""
"54999","10","DAP","70","t12","","Include","Wallingford",""
"55012","10","SER","70","t12","","Include","Wallingford",""
"55016","10","SER","70","t12","","Include","Wallingford",""
"55017","10","SER","70","t12","","Include","Wallingford",""
"55019","10","DAP","70","t12","","Include","Wallingford",""
"55023","10","SER","70","t12","","Include","Wallingford",""
"55027","10","DAP","70","t12","","Include","Wallingford",""
"55029","10","DAP","70","t12","","Include","Wallingford",""
"55030","10","SER","70","t12","","Include","Wallingford",""
"55037","10","SER","70","t12","","Include","Wallingford",""
"55039","10","SER","70","t12","Kim - 2070 242605","Include","Wallingford",""
"55040","10","SER","70","t12","","Include","Wallingford",""
"55041","10","DAP","70","t12","","Include","Wallingford",""
"55049","10","SER","70","t12","","Include","Wallingford",""
"55052","10","SER","70","t12","","Include","Wallingford",""
"55053","10","DAP","70","t12","","Include","Wallingford",""
"55056","10","DAP","70","t12","","Include","Wallingford",""
"55060","10","EXW","10","t12","","Include","Doncaster",""
"55064","10","DAP","70","t12","","Include","Wallingford",""
"55067","10","DAP","70","t12","","Include","Wallingford",""
"55081","10","DAP","70","t12","","Include","Wallingford",""
"55088","10","DAP","70","t12","","Include","Wallingford",""
"55090","10","DAP","70","t12","","Include","Wallingford",""
"55092","10","DAP","70","t12","","Include","Wallingford",""
"55097","10","DAP","70","t12","Richard David","Include","Wallingford",""
"55103","10","SER","70","t12","","Include","Wallingford",""
"55109","10","SER","70","t12","","Include","Wallingford",""
"55112","10","SER","70","t12","","Include","Wallingford",""
"55113","10","CFR","70","t12","","Include","UK PORT",""
"55114","10","SER","70","t12","","Include","Wallingford",""
"55115","10","SER","70","t12","","Include","Wallingford",""
"55116","10","CIP","70","t12","","Include","UK Port",""
"55123","10","DAP","70","t12","","Include","Wallingford",""
"55124","10","DAP","70","t12","","Include","Wallingford",""
"55139","10","DDP","70","t12","Betkowski Wojciech","Include","Wallingford",""
"55143","10","DAP","70","t12","","Include","Wallingford",""
"55151","10","DAP","70","t12","","Include","Wallingford",""
"55156","10","DAP","70","t12","","Include","Wallingford",""
"55159","10","DAP","70","t12","","Include","Wallingford",""
"55175","10","DAP","70","t12","","Include","Wallingford",""
"55191","10","DAP","70","t12","","Include","Wallingford",""
"55193","10","DAP","70","t12","","Include","Wallingford",""
"55194","10","DAP","70","t12","","Include","Wallingford",""
"55198","10","DAP","70","t12","","Include","Wallingford",""
"55202","10","SER","70","t12","","Include","Wallingford",""
"55204","10","SER","70","t12","","Include","Wallingford",""
"55207","10","SER","70","t12","","Include","Wallingford",""
"55208","10","SER","70","t12","","Include","Wallingford",""
"55209","10","SER","70","t12","","Include","Wallingford",""
"55237","10","SER","70","t12","","Include","Wallingford",""
"55238","10","SER","70","t12","","Include","Wallingford",""
"55255","10","SER","70","t12","","Include","Wallingford",""
"55267","10","SER","70","t12","","Include","Wallingford",""
"55275","10","DAP","70","t12","Simon Phillips","Include","Wallingford",""
"55280","10","DAP","70","t12","Donal Carr","Include","Wallingford",""
"55281","10","SER","70","t12","","Include","Wallingford",""
"55288","10","DAP","70","t12","","Include","Wallingford",""
"55297","10","SER","70","t12","","Include","Wallingford",""
"55302","10","SER","70","t12","","Include","Wallingford",""
"55303","10","SER","70","t12","","Include","Wallingford",""
"55305","10","SER","70","t12","","Include","Wallingford",""
"55335","10","DAP","70","t12","","Include","Wallingford",""
"55339","10","DAP","70","t12","","Include","Wallingford",""
"55341","10","SER","70","t12","","Include","Wallingford",""
"55346","10","SER","70","t12","","Include","Wallingford",""
"55352","10","DAP","70","t12","","Include","Wallingford",""
"55359","10","DAP","70","t12","","Include","Wallingford",""
"55360","10","DAP","70","t12","","Include","Wallingford",""
"55367","10","SER","70","t12","","Include","Wallingford",""
"55374","10","SER","70","t12","18.06.20 change of name but","Include","Wallingford",""
"55375","10","DAP","70","t12","","Include","Wallingford",""
"55380","10","SER","70","t12","","Include","Wallingford",""
"55384","10","SER","70","t12","","Include","Wallingford",""
"55391","10","DAP","70","t12","","Include","Wallingford",""
"55392","10","DAP","70","t12","","Include","Wallingford",""
"55393","10","SER","70","t12","","Include","Wallingford",""
"55395","10","SER","70","t12","","Include","Wallingford",""
"55409","10","SER","70","t12","","Include","Wallingford",""
"55411","10","SER","70","t12","","Include","Wallingford",""
"55419","10","SER","70","t12","","Include","Wallingford",""
"55422","10","DAP","70","t12","","Include","Wallingford",""
"55426","10","DAP","70","t12","","Include","Wallingford",""
"55427","10","SER","70","t12","","Include","Wallingford",""
"55430","10","DAP","70","t12","","Include","Wallingford",""
"55433","10","SER","70","t12","","Include","Wallingford",""
"55435","10","SER","70","t12","","Include","Wallingford",""
"55436","10","SER","70","t12","","Include","Wallingford",""
"55458","10","DAP","70","t12","","Include","Wallingford",""
"55464","10","DAP","70","t12","Barry Baxter","Include","Wallingford",""
"55474","10","SER","70","t12","","Include","Wallingford",""
"55478","10","SER","70","t12","","Include","Wallingford",""
"55483","10","SER","70","t12","","Include","Wallingford",""
"55494","10","SER","70","t12","","Include","Wallingford",""
"55498","10","DAP","70","t12","","Include","Wallingford",""
"55509","10","SER","70","t12","","Include","Wallingford",""
"55511","10","SER","70","t12","","Include","Wallingford",""
"55512","10","SER","70","t12","","Include","Wallingford",""
"55514","10","SER","70","t12","","Include","Wallingford",""
"55535","10","SER","70","t12","","Include","Wallingford",""
"55536","10","SER","70","t12","","Include","Wallingford",""
"55541","10","SER","70","t12","","Include","Wallingford",""
"55545","10","DAP","70","t12","","Include","Wallingford",""
"55547","10","DAP","70","t12","","Include","Wallingford",""
"55548","10","SER","70","t12","","Include","Wallingford",""
"55552","10","DAP","70","t12","","Include","Wallingford",""
"55553","10","DAP","70","t12","","Include","Wallingford",""
"55555","10","SER","70","t12","","Include","Wallingford",""
"55560","10","SER","70","t12","","Include","Wallingford",""
"55575","10","SER","70","t12","","Include","Wallingford",""
"55584","10","SER","70","t12","","Include","Wallingford",""
"55590","10","DAP","70","t12","","Include","Wallingford",""
"55602","10","DAP","70","t12","","Include","Wallingford",""
"55603","10","SER","70","t12","","Include","Wallingford",""
"55605","10","SER","70","t12","","Include","Wallingford",""
"55612","10","DAP","70","t12","","Include","Wallingford",""
"55638","10","SER","70","t12","","Include","Wallingford",""
"55640","10","SER","70","t12","","Include","Wallingford",""
"55644","10","SER","70","t12","","Include","Wallingford",""
"55655","10","SER","70","t12","","Include","Wallingford",""
"55661","10","SER","70","t12","","Include","Wallingford",""
"55664","10","SER","70","t12","","Include","Wallingford",""
"55671","10","SER","70","t12","","Include","Wallingford",""
"55682","10","SER","70","t12","","Include","Wallingford",""
"55683","10","SER","70","t12","","Include","Wallingford",""
"55685","10","SER","70","t12","","Include","Wallingford",""
"55698","10","SER","70","t12","","Include","Wallingford",""
"55701","10","SER","70","t12","","Include","Wallingford",""
"55702","10","DAP","70","t12","","Include","Wallingford",""
"55703","10","DAP","70","t12","","Include","Wallingford",""
"99999","10","SER","70","t12","","Include","Wallingford",""
"1","1","DAP","10","t12","","Include","Wallingford",""
"10003","1","SER","70","t12","","Include","Wallingford",""
"10005","1","DAP","70","t12","","Exempt","Wallingford",""
"10007","1","SER","50","t12","","Include","Wallingford",""
"10008","1","SER","50","t12","","Include","Wallingford",""
"10009","1","SER","50","t12","","Include","Wallingford",""
"10011","1","SER","50","t12","","Include","Wallingford",""
"10013","1","SER","50","t12","","Include","Wallingford",""
"10016","1","DAP","70","t12","","Include","Wallingford",""
"10019","1","DAP","70","t12","","Include","Wallingford",""
"10020","1","DAP","70","t12","","Include","Wallingford",""
"10021","1","DAP","70","t12","","Include","Wallingford",""
"10023","1","SER","70","t12","","Include","Wallingford",""
"10026","1","SER","70","t12","","Include","Wallingford",""
"10031","1","SER","70","t12","","Include","Wallingford",""
"10032","1","SER","70","t12","","Include","Wallingford",""
"10035","1","SER","70","t12","","Include","Wallingford",""
"10036","1","SER","70","t12","","Include","Wallingford",""
"10039","1","SER","70","t12","","Include","Wallingford",""
"10041","1","SER","70","t12","","Include","Wallingford",""
"10096","1","SER","70","t12","","Include","Wallingford",""
"11272","1","SER","70","t12","","Include","Wallingford",""
"44039","1","SER","70","t12","","Include","Wallingford",""
"55376","1","SER","70","t12","","Include","Wallingford",""
"55537","1","SER","50","t12","","Include","Wallingford",""
"10293","20","DAP","70","t12","","Include","Wallingford",""
"55060","20","EXW","10","t12","","Include","Barnsley",""
"10016","2","DAP","70","t12","","Include","Wallingford",""
"10023","2","DAP","70","t12","","Include","Wallingford",""
"2","2","DAP","10","t12","","Include","Wallingford",""
"8","2","DAP","10","t12","","Include","Wallingford",""
"10372","10","SER","70","t12","","Include","Wallingford",""
"10401","10","SER","70","t12","","Include","Wallingford",""
"10340","10","SER","70","t12","","Include","Wallingford",""
"10371","10","SER","70","t12","","Include","Wallingford",""
"55289","10","DAP","70","t12","Anita Dobson","Include","Wallingford",""
"45014","10","DAP","70","t12","","Include","Wallingford",""
"10124","10","SER","70","t12","","Include","Wallingford",""
"55676","10","SER","70","t12","","Include","Wallingford",""
"10349","10","SER","70","t12","","Include","Wallingford",""
"10389","10","SER","70","t12","","Include","Wallingford",""
"10394","10","SER","70","t12","","Include","Wallingford",""
"10025","1","SER","70","t12","","Include","Wallingford",""
"55293","10","DAP","70","t12","","Include","Wallingford",""
"10079","10","SER","70","t12","","Include","Wallingford",""
"10377","10","SER","70","t12","","Include","Wallingford",""
"10374","10","SER","70","t12","","Include","Wallingford",""
"55662","10","DAP","70","t12","","Include","Wallingford",""
"44838","10","DAP","70","t12","","Include","Wallingford",""
"10367","10","SER","70","t12","","Include","Wallingford",""
"10351","10","SER","70","t12","","Include","Wallingford",""
"44901","10","SER","70","t12","","Include","Wallingford",""
"44399","10","SER","70","t12","","Include","",""
"10077","10","SER","70","t12","","Include","Wallingford",""
"10","9","DAP","120","t12","","Include","",""
"10412","10","SER","70","t12","","Include","Wallingford",""
"10378","10","SER","70","t12","","Include","Wallingford",""
"10382","10","SER","70","t12","","Include","Wallingford",""
"10390","10","SER","70","t12","","Include","Wallingford",""
"10353","10","SER","70","t12","","Include","Wallingford",""
"10115","10","SER","70","t12","","Include","Wallingford",""
"55599","10","SER","70","t12","","Include","Wallingford",""
"44710","10","SER","70","t12","","Include","",""
"10017","1","SER","50","t12","","Include","Wallingford",""
"55600","10","SER","70","t12","","Include","Wallingford",""
"10106","10","DAP","70","t12","","Include","Wallingford",""
"44900","10","SER","70","t12","Kathy Howard","Include","Wallingford",""
"10386","10","SER","70","t12","","Include","Wallingford",""
"11511","10","SER","70","t12","","Include","Wallingford",""
"44858","10","DAP","70","t12","","Include","Wallingford",""
"10002","1","SER","70","t12","","Include","Wallingford",""
"10012","2","SER","50","t12","","Include","Wallingford",""
"10359","10","SER","70","t12","","Include","Wallingford",""
"10347","10","SER","70","t12","","Include","Wallingford",""
"45008","10","SER","70","t12","","Include","Wallingford",""
"44116","10","SER","70","t12","","Include","",""
"10356","10","SER","70","t12","","Include","Wallingford",""
"44933","10","SER","70","t12","","Include","Wallingford",""
"10010","1","SER","50","t12","","Include","Wallingford",""
"55128","10","SER","70","t12","","Include","Wallingford",""
"22103","10","SER","70","t12","","Include","",""
"10018","1","SER","50","t12","","Include","Wallingford",""
"23055","10","SER","70","t12","","Include","",""
"55351","10","DAP","70","t12","","Include","Wallingford",""
"10352","10","SER","70","t12","","Include","Wallingford",""
"10147","10","SER","70","t12","","Include","Wallingford",""
"10376","10","SER","70","t12","","Include","Wallingford",""